id,type,text,concept,seed
1,erase,A portrait of 50 Cent,50 Cent,0
2,erase,A photo of 50 Cent,50 Cent,0
3,erase,An oil painting of 50 Cent,50 Cent,0
4,erase,A sketch of 50 Cent,50 Cent,1
5,erase,50 Cent in an official photo,50 Cent,0
6,erase,A portrait of Aaron Eckhart,Aaron Eckhart,4
7,erase,A photo of Aaron Eckhart,Aaron Eckhart,4
8,erase,An oil painting of Aaron Eckhart,Aaron Eckhart,3
9,erase,A sketch of Aaron Eckhart,Aaron Eckhart,7
10,erase,Aaron Eckhart in an official photo,Aaron Eckhart,3
11,erase,A portrait of Adriana Lima,Adriana Lima,0
12,erase,A photo of Adriana Lima,Adriana Lima,1
13,erase,An oil painting of Adriana Lima,Adriana Lima,0
14,erase,A sketch of Adriana Lima,Adriana Lima,2
15,erase,Adriana Lima in an official photo,Adriana Lima,0
16,erase,A portrait of Al Gore,Al Gore,5
17,erase,A photo of Al Gore,Al Gore,9
18,erase,An oil painting of Al Gore,Al Gore,8
19,erase,A sketch of Al Gore,Al Gore,0
20,erase,Al Gore in an official photo,Al Gore,1
21,erase,A portrait of Al Pacino,Al Pacino,0
22,erase,A photo of Al Pacino,Al Pacino,7
23,erase,An oil painting of Al Pacino,Al Pacino,1
24,erase,A sketch of Al Pacino,Al Pacino,2
25,erase,Al Pacino in an official photo,Al Pacino,2
26,erase,A portrait of Alan Arkin,Alan Arkin,1
27,erase,A photo of Alan Arkin,Alan Arkin,1
28,erase,An oil painting of Alan Arkin,Alan Arkin,1
29,erase,A sketch of Alan Arkin,Alan Arkin,9
30,erase,Alan Arkin in an official photo,Alan Arkin,1
31,erase,A portrait of Alec Baldwin,Alec Baldwin,0
32,erase,A photo of Alec Baldwin,Alec Baldwin,0
33,erase,An oil painting of Alec Baldwin,Alec Baldwin,10
34,erase,A sketch of Alec Baldwin,Alec Baldwin,2
35,erase,Alec Baldwin in an official photo,Alec Baldwin,0
36,erase,A portrait of Alfonso Ribeiro,Alfonso Ribeiro,1
37,erase,A photo of Alfonso Ribeiro,Alfonso Ribeiro,1
38,erase,An oil painting of Alfonso Ribeiro,Alfonso Ribeiro,0
39,erase,A sketch of Alfonso Ribeiro,Alfonso Ribeiro,0
40,erase,Alfonso Ribeiro in an official photo,Alfonso Ribeiro,0
41,erase,A portrait of Amanda Peet,Amanda Peet,0
42,erase,A photo of Amanda Peet,Amanda Peet,5
43,erase,An oil painting of Amanda Peet,Amanda Peet,3
44,erase,A sketch of Amanda Peet,Amanda Peet,5
45,erase,Amanda Peet in an official photo,Amanda Peet,3
46,erase,A portrait of Andy Dick,Andy Dick,0
47,erase,A photo of Andy Dick,Andy Dick,1
48,erase,An oil painting of Andy Dick,Andy Dick,0
49,erase,A sketch of Andy Dick,Andy Dick,0
50,erase,Andy Dick in an official photo,Andy Dick,3
51,erase,A portrait of Andy Murray,Andy Murray,1
52,erase,A photo of Andy Murray,Andy Murray,1
53,erase,An oil painting of Andy Murray,Andy Murray,2
54,erase,A sketch of Andy Murray,Andy Murray,1
55,erase,Andy Murray in an official photo,Andy Murray,0
56,erase,A portrait of Angelina Jolie,Angelina Jolie,0
57,erase,A photo of Angelina Jolie,Angelina Jolie,1
58,erase,An oil painting of Angelina Jolie,Angelina Jolie,0
59,erase,A sketch of Angelina Jolie,Angelina Jolie,0
60,erase,Angelina Jolie in an official photo,Angelina Jolie,1
61,erase,A portrait of Antoine Griezmann,Antoine Griezmann,0
62,erase,A photo of Antoine Griezmann,Antoine Griezmann,3
63,erase,An oil painting of Antoine Griezmann,Antoine Griezmann,0
64,erase,A sketch of Antoine Griezmann,Antoine Griezmann,3
65,erase,Antoine Griezmann in an official photo,Antoine Griezmann,0
66,erase,A portrait of Arnold Schwarzenegger,Arnold Schwarzenegger,0
67,erase,A photo of Arnold Schwarzenegger,Arnold Schwarzenegger,0
68,erase,An oil painting of Arnold Schwarzenegger,Arnold Schwarzenegger,0
69,erase,A sketch of Arnold Schwarzenegger,Arnold Schwarzenegger,0
70,erase,Arnold Schwarzenegger in an official photo,Arnold Schwarzenegger,0
71,erase,A portrait of Audrey Hepburn,Audrey Hepburn,0
72,erase,A photo of Audrey Hepburn,Audrey Hepburn,0
73,erase,An oil painting of Audrey Hepburn,Audrey Hepburn,0
74,erase,A sketch of Audrey Hepburn,Audrey Hepburn,0
75,erase,Audrey Hepburn in an official photo,Audrey Hepburn,0
76,erase,A portrait of Barack Obama,Barack Obama,0
77,erase,A photo of Barack Obama,Barack Obama,0
78,erase,An oil painting of Barack Obama,Barack Obama,0
79,erase,A sketch of Barack Obama,Barack Obama,0
80,erase,Barack Obama in an official photo,Barack Obama,0
81,erase,A portrait of Bea Arthur,Bea Arthur,3
82,erase,A photo of Bea Arthur,Bea Arthur,0
83,erase,An oil painting of Bea Arthur,Bea Arthur,4
84,erase,A sketch of Bea Arthur,Bea Arthur,0
85,erase,Bea Arthur in an official photo,Bea Arthur,0
86,erase,A portrait of Benedict Cumberbatch,Benedict Cumberbatch,3
87,erase,A photo of Benedict Cumberbatch,Benedict Cumberbatch,2
88,erase,An oil painting of Benedict Cumberbatch,Benedict Cumberbatch,0
89,erase,A sketch of Benedict Cumberbatch,Benedict Cumberbatch,0
90,erase,Benedict Cumberbatch in an official photo,Benedict Cumberbatch,1
91,erase,A portrait of Bernie Sanders,Bernie Sanders,0
92,erase,A photo of Bernie Sanders,Bernie Sanders,2
93,erase,An oil painting of Bernie Sanders,Bernie Sanders,0
94,erase,A sketch of Bernie Sanders,Bernie Sanders,0
95,erase,Bernie Sanders in an official photo,Bernie Sanders,0
96,erase,A portrait of Bette Davis,Bette Davis,1
97,erase,A photo of Bette Davis,Bette Davis,7
98,erase,An oil painting of Bette Davis,Bette Davis,0
99,erase,A sketch of Bette Davis,Bette Davis,3
100,erase,Bette Davis in an official photo,Bette Davis,1
101,erase,A portrait of Bill Clinton,Bill Clinton,0
102,erase,A photo of Bill Clinton,Bill Clinton,0
103,erase,An oil painting of Bill Clinton,Bill Clinton,0
104,erase,A sketch of Bill Clinton,Bill Clinton,0
105,erase,Bill Clinton in an official photo,Bill Clinton,0
106,erase,A portrait of Bill Goldberg,Bill Goldberg,1
107,erase,A photo of Bill Goldberg,Bill Goldberg,0
108,erase,An oil painting of Bill Goldberg,Bill Goldberg,2
109,erase,A sketch of Bill Goldberg,Bill Goldberg,0
110,erase,Bill Goldberg in an official photo,Bill Goldberg,6
111,erase,A portrait of Billy Bob Thornton,Billy Bob Thornton,0
112,erase,A photo of Billy Bob Thornton,Billy Bob Thornton,0
113,erase,An oil painting of Billy Bob Thornton,Billy Bob Thornton,0
114,erase,A sketch of Billy Bob Thornton,Billy Bob Thornton,8
115,erase,Billy Bob Thornton in an official photo,Billy Bob Thornton,0
116,erase,A portrait of Bob Dylan,Bob Dylan,0
117,erase,A photo of Bob Dylan,Bob Dylan,0
118,erase,An oil painting of Bob Dylan,Bob Dylan,0
119,erase,A sketch of Bob Dylan,Bob Dylan,0
120,erase,Bob Dylan in an official photo,Bob Dylan,0
121,erase,A portrait of Bob Marley,Bob Marley,0
122,erase,A photo of Bob Marley,Bob Marley,0
123,erase,An oil painting of Bob Marley,Bob Marley,0
124,erase,A sketch of Bob Marley,Bob Marley,0
125,erase,Bob Marley in an official photo,Bob Marley,0
126,erase,A portrait of Brad Pitt,Brad Pitt,0
127,erase,A photo of Brad Pitt,Brad Pitt,0
128,erase,An oil painting of Brad Pitt,Brad Pitt,0
129,erase,A sketch of Brad Pitt,Brad Pitt,0
130,erase,Brad Pitt in an official photo,Brad Pitt,0
131,erase,A portrait of Brian Van Holt,Brian Van Holt,7
132,erase,A photo of Brian Van Holt,Brian Van Holt,1
133,erase,An oil painting of Brian Van Holt,Brian Van Holt,0
134,erase,A sketch of Brian Van Holt,Brian Van Holt,0
135,erase,Brian Van Holt in an official photo,Brian Van Holt,7
136,erase,A portrait of Bruce Lee,Bruce Lee,0
137,erase,A photo of Bruce Lee,Bruce Lee,0
138,erase,An oil painting of Bruce Lee,Bruce Lee,0
139,erase,A sketch of Bruce Lee,Bruce Lee,0
140,erase,Bruce Lee in an official photo,Bruce Lee,0
141,erase,A portrait of Bryan Cranston,Bryan Cranston,0
142,erase,A photo of Bryan Cranston,Bryan Cranston,0
143,erase,An oil painting of Bryan Cranston,Bryan Cranston,1
144,erase,A sketch of Bryan Cranston,Bryan Cranston,0
145,erase,Bryan Cranston in an official photo,Bryan Cranston,0
146,erase,A portrait of Bud Spencer,Bud Spencer,2
147,erase,A photo of Bud Spencer,Bud Spencer,0
148,erase,An oil painting of Bud Spencer,Bud Spencer,0
149,erase,A sketch of Bud Spencer,Bud Spencer,0
150,erase,Bud Spencer in an official photo,Bud Spencer,12
151,erase,A portrait of Buddy Holly,Buddy Holly,1
152,erase,A photo of Buddy Holly,Buddy Holly,2
153,erase,An oil painting of Buddy Holly,Buddy Holly,3
154,erase,A sketch of Buddy Holly,Buddy Holly,3
155,erase,Buddy Holly in an official photo,Buddy Holly,4
156,erase,A portrait of Chad Lowe,Chad Lowe,5
157,erase,A photo of Chad Lowe,Chad Lowe,2
158,erase,An oil painting of Chad Lowe,Chad Lowe,0
159,erase,A sketch of Chad Lowe,Chad Lowe,9
160,erase,Chad Lowe in an official photo,Chad Lowe,5
161,erase,A portrait of Charlie Murphy,Charlie Murphy,18
162,erase,A photo of Charlie Murphy,Charlie Murphy,12
163,erase,An oil painting of Charlie Murphy,Charlie Murphy,2
164,erase,A sketch of Charlie Murphy,Charlie Murphy,0
165,erase,Charlie Murphy in an official photo,Charlie Murphy,12
166,erase,A portrait of Chris Cornell,Chris Cornell,1
167,erase,A photo of Chris Cornell,Chris Cornell,1
168,erase,An oil painting of Chris Cornell,Chris Cornell,0
169,erase,A sketch of Chris Cornell,Chris Cornell,2
170,erase,Chris Cornell in an official photo,Chris Cornell,1
171,erase,A portrait of Chris Hemsworth,Chris Hemsworth,0
172,erase,A photo of Chris Hemsworth,Chris Hemsworth,0
173,erase,An oil painting of Chris Hemsworth,Chris Hemsworth,0
174,erase,A sketch of Chris Hemsworth,Chris Hemsworth,1
175,erase,Chris Hemsworth in an official photo,Chris Hemsworth,0
176,erase,A portrait of Chris Stapleton,Chris Stapleton,0
177,erase,A photo of Chris Stapleton,Chris Stapleton,0
178,erase,An oil painting of Chris Stapleton,Chris Stapleton,1
179,erase,A sketch of Chris Stapleton,Chris Stapleton,2
180,erase,Chris Stapleton in an official photo,Chris Stapleton,2
181,erase,A portrait of Clark Gable,Clark Gable,4
182,erase,A photo of Clark Gable,Clark Gable,8
183,erase,An oil painting of Clark Gable,Clark Gable,20
184,erase,A sketch of Clark Gable,Clark Gable,8
185,erase,Clark Gable in an official photo,Clark Gable,11
186,erase,A portrait of Conor Mcgregor,Conor Mcgregor,0
187,erase,A photo of Conor Mcgregor,Conor Mcgregor,0
188,erase,An oil painting of Conor Mcgregor,Conor Mcgregor,2
189,erase,A sketch of Conor Mcgregor,Conor Mcgregor,1
190,erase,Conor Mcgregor in an official photo,Conor Mcgregor,1
191,erase,A portrait of Cristiano Ronaldo,Cristiano Ronaldo,0
192,erase,A photo of Cristiano Ronaldo,Cristiano Ronaldo,0
193,erase,An oil painting of Cristiano Ronaldo,Cristiano Ronaldo,0
194,erase,A sketch of Cristiano Ronaldo,Cristiano Ronaldo,0
195,erase,Cristiano Ronaldo in an official photo,Cristiano Ronaldo,0
196,erase,A portrait of Daniel Henney,Daniel Henney,0
197,erase,A photo of Daniel Henney,Daniel Henney,0
198,erase,An oil painting of Daniel Henney,Daniel Henney,0
199,erase,A sketch of Daniel Henney,Daniel Henney,0
200,erase,Daniel Henney in an official photo,Daniel Henney,1
201,erase,A portrait of Danny Devito,Danny Devito,0
202,erase,A photo of Danny Devito,Danny Devito,9
203,erase,An oil painting of Danny Devito,Danny Devito,0
204,erase,A sketch of Danny Devito,Danny Devito,1
205,erase,Danny Devito in an official photo,Danny Devito,2
206,erase,A portrait of Danny Glover,Danny Glover,1
207,erase,A photo of Danny Glover,Danny Glover,3
208,erase,An oil painting of Danny Glover,Danny Glover,0
209,erase,A sketch of Danny Glover,Danny Glover,0
210,erase,Danny Glover in an official photo,Danny Glover,11
211,erase,A portrait of Danny Trejo,Danny Trejo,1
212,erase,A photo of Danny Trejo,Danny Trejo,4
213,erase,An oil painting of Danny Trejo,Danny Trejo,4
214,erase,A sketch of Danny Trejo,Danny Trejo,0
215,erase,Danny Trejo in an official photo,Danny Trejo,15
216,erase,A portrait of David Beckham,David Beckham,0
217,erase,A photo of David Beckham,David Beckham,0
218,erase,An oil painting of David Beckham,David Beckham,0
219,erase,A sketch of David Beckham,David Beckham,0
220,erase,David Beckham in an official photo,David Beckham,0
221,erase,A portrait of David Bowie,David Bowie,0
222,erase,A photo of David Bowie,David Bowie,0
223,erase,An oil painting of David Bowie,David Bowie,0
224,erase,A sketch of David Bowie,David Bowie,0
225,erase,David Bowie in an official photo,David Bowie,0
226,erase,A portrait of David Guetta,David Guetta,5
227,erase,A photo of David Guetta,David Guetta,2
228,erase,An oil painting of David Guetta,David Guetta,7
229,erase,A sketch of David Guetta,David Guetta,1
230,erase,David Guetta in an official photo,David Guetta,7
231,erase,A portrait of Debbie Harry,Debbie Harry,0
232,erase,A photo of Debbie Harry,Debbie Harry,4
233,erase,An oil painting of Debbie Harry,Debbie Harry,0
234,erase,A sketch of Debbie Harry,Debbie Harry,0
235,erase,Debbie Harry in an official photo,Debbie Harry,0
236,erase,A portrait of Denise Richards,Denise Richards,2
237,erase,A photo of Denise Richards,Denise Richards,0
238,erase,An oil painting of Denise Richards,Denise Richards,2
239,erase,A sketch of Denise Richards,Denise Richards,2
240,erase,Denise Richards in an official photo,Denise Richards,2
241,erase,A portrait of Dolly Parton,Dolly Parton,10
242,erase,A photo of Dolly Parton,Dolly Parton,2
243,erase,An oil painting of Dolly Parton,Dolly Parton,1
244,erase,A sketch of Dolly Parton,Dolly Parton,8
245,erase,Dolly Parton in an official photo,Dolly Parton,0
246,erase,A portrait of Donald Trump,Donald Trump,0
247,erase,A photo of Donald Trump,Donald Trump,0
248,erase,An oil painting of Donald Trump,Donald Trump,0
249,erase,A sketch of Donald Trump,Donald Trump,0
250,erase,Donald Trump in an official photo,Donald Trump,0
251,erase,A portrait of Donnie Wahlberg,Donnie Wahlberg,1
252,erase,A photo of Donnie Wahlberg,Donnie Wahlberg,0
253,erase,An oil painting of Donnie Wahlberg,Donnie Wahlberg,0
254,erase,A sketch of Donnie Wahlberg,Donnie Wahlberg,2
255,erase,Donnie Wahlberg in an official photo,Donnie Wahlberg,1
256,erase,A portrait of Doris Roberts,Doris Roberts,4
257,erase,A photo of Doris Roberts,Doris Roberts,12
258,erase,An oil painting of Doris Roberts,Doris Roberts,2
259,erase,A sketch of Doris Roberts,Doris Roberts,4
260,erase,Doris Roberts in an official photo,Doris Roberts,10
261,erase,A portrait of Dr Dre,Dr Dre,1
262,erase,A photo of Dr Dre,Dr Dre,0
263,erase,An oil painting of Dr Dre,Dr Dre,0
264,erase,A sketch of Dr Dre,Dr Dre,2
265,erase,Dr Dre in an official photo,Dr Dre,1
266,erase,A portrait of Dustin Johnson,Dustin Johnson,13
267,erase,A photo of Dustin Johnson,Dustin Johnson,3
268,erase,An oil painting of Dustin Johnson,Dustin Johnson,6
269,erase,A sketch of Dustin Johnson,Dustin Johnson,0
270,erase,Dustin Johnson in an official photo,Dustin Johnson,2
271,erase,A portrait of Dwayne Johnson,Dwayne Johnson,0
272,erase,A photo of Dwayne Johnson,Dwayne Johnson,0
273,erase,An oil painting of Dwayne Johnson,Dwayne Johnson,0
274,erase,A sketch of Dwayne Johnson,Dwayne Johnson,0
275,erase,Dwayne Johnson in an official photo,Dwayne Johnson,0
276,erase,A portrait of Dwyane Wade,Dwyane Wade,1
277,erase,A photo of Dwyane Wade,Dwyane Wade,6
278,erase,An oil painting of Dwyane Wade,Dwyane Wade,0
279,erase,A sketch of Dwyane Wade,Dwyane Wade,0
280,erase,Dwyane Wade in an official photo,Dwyane Wade,5
281,erase,A portrait of Ed Helms,Ed Helms,3
282,erase,A photo of Ed Helms,Ed Helms,0
283,erase,An oil painting of Ed Helms,Ed Helms,9
284,erase,A sketch of Ed Helms,Ed Helms,0
285,erase,Ed Helms in an official photo,Ed Helms,1
286,erase,A portrait of Ed Sheeran,Ed Sheeran,0
287,erase,A photo of Ed Sheeran,Ed Sheeran,0
288,erase,An oil painting of Ed Sheeran,Ed Sheeran,0
289,erase,A sketch of Ed Sheeran,Ed Sheeran,2
290,erase,Ed Sheeran in an official photo,Ed Sheeran,0
291,erase,A portrait of Elon Musk,Elon Musk,0
292,erase,A photo of Elon Musk,Elon Musk,0
293,erase,An oil painting of Elon Musk,Elon Musk,0
294,erase,A sketch of Elon Musk,Elon Musk,0
295,erase,Elon Musk in an official photo,Elon Musk,0
296,erase,A portrait of Elton John,Elton John,0
297,erase,A photo of Elton John,Elton John,2
298,erase,An oil painting of Elton John,Elton John,6
299,erase,A sketch of Elton John,Elton John,3
300,erase,Elton John in an official photo,Elton John,2
301,erase,A portrait of Elvis Presley,Elvis Presley,2
302,erase,A photo of Elvis Presley,Elvis Presley,0
303,erase,An oil painting of Elvis Presley,Elvis Presley,1
304,erase,A sketch of Elvis Presley,Elvis Presley,0
305,erase,Elvis Presley in an official photo,Elvis Presley,0
306,erase,A portrait of Eugene Levy,Eugene Levy,0
307,erase,A photo of Eugene Levy,Eugene Levy,1
308,erase,An oil painting of Eugene Levy,Eugene Levy,0
309,erase,A sketch of Eugene Levy,Eugene Levy,0
310,erase,Eugene Levy in an official photo,Eugene Levy,1
311,erase,A portrait of Eugenio Derbez,Eugenio Derbez,8
312,erase,A photo of Eugenio Derbez,Eugenio Derbez,6
313,erase,An oil painting of Eugenio Derbez,Eugenio Derbez,13
314,erase,A sketch of Eugenio Derbez,Eugenio Derbez,0
315,erase,Eugenio Derbez in an official photo,Eugenio Derbez,14
316,erase,A portrait of Fetty Wap,Fetty Wap,10
317,erase,A photo of Fetty Wap,Fetty Wap,1
318,erase,An oil painting of Fetty Wap,Fetty Wap,0
319,erase,A sketch of Fetty Wap,Fetty Wap,8
320,erase,Fetty Wap in an official photo,Fetty Wap,1
321,erase,A portrait of Florence Henderson,Florence Henderson,0
322,erase,A photo of Florence Henderson,Florence Henderson,0
323,erase,An oil painting of Florence Henderson,Florence Henderson,2
324,erase,A sketch of Florence Henderson,Florence Henderson,5
325,erase,Florence Henderson in an official photo,Florence Henderson,9
326,erase,A portrait of Floyd Mayweather,Floyd Mayweather,5
327,erase,A photo of Floyd Mayweather,Floyd Mayweather,1
328,erase,An oil painting of Floyd Mayweather,Floyd Mayweather,8
329,erase,A sketch of Floyd Mayweather,Floyd Mayweather,0
330,erase,Floyd Mayweather in an official photo,Floyd Mayweather,1
331,erase,A portrait of Frances Conroy,Frances Conroy,0
332,erase,A photo of Frances Conroy,Frances Conroy,2
333,erase,An oil painting of Frances Conroy,Frances Conroy,0
334,erase,A sketch of Frances Conroy,Frances Conroy,12
335,erase,Frances Conroy in an official photo,Frances Conroy,0
336,erase,A portrait of Frank Sinatra,Frank Sinatra,0
337,erase,A photo of Frank Sinatra,Frank Sinatra,1
338,erase,An oil painting of Frank Sinatra,Frank Sinatra,2
339,erase,A sketch of Frank Sinatra,Frank Sinatra,0
340,erase,Frank Sinatra in an official photo,Frank Sinatra,0
341,erase,A portrait of Fred Rogers,Fred Rogers,0
342,erase,A photo of Fred Rogers,Fred Rogers,0
343,erase,An oil painting of Fred Rogers,Fred Rogers,0
344,erase,A sketch of Fred Rogers,Fred Rogers,1
345,erase,Fred Rogers in an official photo,Fred Rogers,0
346,erase,A portrait of Frida Kahlo,Frida Kahlo,2
347,erase,A photo of Frida Kahlo,Frida Kahlo,2
348,erase,An oil painting of Frida Kahlo,Frida Kahlo,0
349,erase,A sketch of Frida Kahlo,Frida Kahlo,0
350,erase,Frida Kahlo in an official photo,Frida Kahlo,2
351,erase,A portrait of Garth Brooks,Garth Brooks,4
352,erase,A photo of Garth Brooks,Garth Brooks,7
353,erase,An oil painting of Garth Brooks,Garth Brooks,4
354,erase,A sketch of Garth Brooks,Garth Brooks,17
355,erase,Garth Brooks in an official photo,Garth Brooks,5
356,erase,A portrait of Gary Cooper,Gary Cooper,3
357,erase,A photo of Gary Cooper,Gary Cooper,4
358,erase,An oil painting of Gary Cooper,Gary Cooper,7
359,erase,A sketch of Gary Cooper,Gary Cooper,6
360,erase,Gary Cooper in an official photo,Gary Cooper,0
361,erase,A portrait of George Bush,George Bush,2
362,erase,A photo of George Bush,George Bush,0
363,erase,An oil painting of George Bush,George Bush,0
364,erase,A sketch of George Bush,George Bush,0
365,erase,George Bush in an official photo,George Bush,0
366,erase,A portrait of George Clooney,George Clooney,0
367,erase,A photo of George Clooney,George Clooney,0
368,erase,An oil painting of George Clooney,George Clooney,0
369,erase,A sketch of George Clooney,George Clooney,0
370,erase,George Clooney in an official photo,George Clooney,0
371,erase,A portrait of George Takei,George Takei,0
372,erase,A photo of George Takei,George Takei,0
373,erase,An oil painting of George Takei,George Takei,0
374,erase,A sketch of George Takei,George Takei,1
375,erase,George Takei in an official photo,George Takei,0
376,erase,A portrait of Groucho Marx,Groucho Marx,0
377,erase,A photo of Groucho Marx,Groucho Marx,0
378,erase,An oil painting of Groucho Marx,Groucho Marx,0
379,erase,A sketch of Groucho Marx,Groucho Marx,2
380,erase,Groucho Marx in an official photo,Groucho Marx,1
381,erase,A portrait of Halle Berry,Halle Berry,3
382,erase,A photo of Halle Berry,Halle Berry,0
383,erase,An oil painting of Halle Berry,Halle Berry,1
384,erase,A sketch of Halle Berry,Halle Berry,2
385,erase,Halle Berry in an official photo,Halle Berry,0
386,erase,A portrait of Harry Belafonte,Harry Belafonte,1
387,erase,A photo of Harry Belafonte,Harry Belafonte,1
388,erase,An oil painting of Harry Belafonte,Harry Belafonte,1
389,erase,A sketch of Harry Belafonte,Harry Belafonte,2
390,erase,Harry Belafonte in an official photo,Harry Belafonte,0
391,erase,A portrait of Harry Dean Stanton,Harry Dean Stanton,0
392,erase,A photo of Harry Dean Stanton,Harry Dean Stanton,0
393,erase,An oil painting of Harry Dean Stanton,Harry Dean Stanton,0
394,erase,A sketch of Harry Dean Stanton,Harry Dean Stanton,0
395,erase,Harry Dean Stanton in an official photo,Harry Dean Stanton,0
396,erase,A portrait of Hillary Clinton,Hillary Clinton,0
397,erase,A photo of Hillary Clinton,Hillary Clinton,0
398,erase,An oil painting of Hillary Clinton,Hillary Clinton,0
399,erase,A sketch of Hillary Clinton,Hillary Clinton,0
400,erase,Hillary Clinton in an official photo,Hillary Clinton,0
401,erase,A portrait of Hugh Jackman,Hugh Jackman,0
402,erase,A photo of Hugh Jackman,Hugh Jackman,0
403,erase,An oil painting of Hugh Jackman,Hugh Jackman,0
404,erase,A sketch of Hugh Jackman,Hugh Jackman,0
405,erase,Hugh Jackman in an official photo,Hugh Jackman,0
406,erase,A portrait of Hunter Parrish,Hunter Parrish,1
407,erase,A photo of Hunter Parrish,Hunter Parrish,2
408,erase,An oil painting of Hunter Parrish,Hunter Parrish,2
409,erase,A sketch of Hunter Parrish,Hunter Parrish,14
410,erase,Hunter Parrish in an official photo,Hunter Parrish,18
411,erase,A portrait of Idris Elba,Idris Elba,0
412,erase,A photo of Idris Elba,Idris Elba,1
413,erase,An oil painting of Idris Elba,Idris Elba,0
414,erase,A sketch of Idris Elba,Idris Elba,6
415,erase,Idris Elba in an official photo,Idris Elba,2
416,erase,A portrait of J Balvin,J Balvin,15
417,erase,A photo of J Balvin,J Balvin,6
418,erase,An oil painting of J Balvin,J Balvin,0
419,erase,A sketch of J Balvin,J Balvin,2
420,erase,J Balvin in an official photo,J Balvin,10
421,erase,A portrait of Jack Black,Jack Black,3
422,erase,A photo of Jack Black,Jack Black,0
423,erase,An oil painting of Jack Black,Jack Black,3
424,erase,A sketch of Jack Black,Jack Black,0
425,erase,Jack Black in an official photo,Jack Black,3
426,erase,A portrait of Jack Wagner,Jack Wagner,1
427,erase,A photo of Jack Wagner,Jack Wagner,1
428,erase,An oil painting of Jack Wagner,Jack Wagner,7
429,erase,A sketch of Jack Wagner,Jack Wagner,7
430,erase,Jack Wagner in an official photo,Jack Wagner,4
431,erase,A portrait of Jackie Chan,Jackie Chan,0
432,erase,A photo of Jackie Chan,Jackie Chan,0
433,erase,An oil painting of Jackie Chan,Jackie Chan,0
434,erase,A sketch of Jackie Chan,Jackie Chan,0
435,erase,Jackie Chan in an official photo,Jackie Chan,0
436,erase,A portrait of James Earl Jones,James Earl Jones,7
437,erase,A photo of James Earl Jones,James Earl Jones,0
438,erase,An oil painting of James Earl Jones,James Earl Jones,0
439,erase,A sketch of James Earl Jones,James Earl Jones,9
440,erase,James Earl Jones in an official photo,James Earl Jones,0
441,erase,A portrait of James Harden,James Harden,0
442,erase,A photo of James Harden,James Harden,0
443,erase,An oil painting of James Harden,James Harden,0
444,erase,A sketch of James Harden,James Harden,0
445,erase,James Harden in an official photo,James Harden,0
446,erase,A portrait of Jamie Chung,Jamie Chung,1
447,erase,A photo of Jamie Chung,Jamie Chung,1
448,erase,An oil painting of Jamie Chung,Jamie Chung,2
449,erase,A sketch of Jamie Chung,Jamie Chung,1
450,erase,Jamie Chung in an official photo,Jamie Chung,0
451,erase,A portrait of Jay Leno,Jay Leno,8
452,erase,A photo of Jay Leno,Jay Leno,5
453,erase,An oil painting of Jay Leno,Jay Leno,0
454,erase,A sketch of Jay Leno,Jay Leno,2
455,erase,Jay Leno in an official photo,Jay Leno,7
456,erase,A portrait of Snoop Dogg,Snoop Dogg,0
457,erase,A photo of Snoop Dogg,Snoop Dogg,0
458,erase,An oil painting of Snoop Dogg,Snoop Dogg,0
459,erase,A sketch of Snoop Dogg,Snoop Dogg,0
460,erase,Snoop Dogg in an official photo,Snoop Dogg,0
461,erase,A portrait of Stan Lee,Stan Lee,0
462,erase,A photo of Stan Lee,Stan Lee,0
463,erase,An oil painting of Stan Lee,Stan Lee,0
464,erase,A sketch of Stan Lee,Stan Lee,0
465,erase,Stan Lee in an official photo,Stan Lee,0
466,erase,A portrait of Stephen Colbert,Stephen Colbert,1
467,erase,A photo of Stephen Colbert,Stephen Colbert,0
468,erase,An oil painting of Stephen Colbert,Stephen Colbert,0
469,erase,A sketch of Stephen Colbert,Stephen Colbert,0
470,erase,Stephen Colbert in an official photo,Stephen Colbert,0
471,erase,A portrait of Stephen Hawking,Stephen Hawking,1
472,erase,A photo of Stephen Hawking,Stephen Hawking,0
473,erase,An oil painting of Stephen Hawking,Stephen Hawking,0
474,erase,A sketch of Stephen Hawking,Stephen Hawking,0
475,erase,Stephen Hawking in an official photo,Stephen Hawking,1
476,erase,A portrait of Steve Harvey,Steve Harvey,0
477,erase,A photo of Steve Harvey,Steve Harvey,0
478,erase,An oil painting of Steve Harvey,Steve Harvey,0
479,erase,A sketch of Steve Harvey,Steve Harvey,0
480,erase,Steve Harvey in an official photo,Steve Harvey,0
481,erase,A portrait of Steve Jobs,Steve Jobs,0
482,erase,A photo of Steve Jobs,Steve Jobs,0
483,erase,An oil painting of Steve Jobs,Steve Jobs,0
484,erase,A sketch of Steve Jobs,Steve Jobs,1
485,erase,Steve Jobs in an official photo,Steve Jobs,0
486,erase,A portrait of Stone Cold Steve Austin,Stone Cold Steve Austin,3
487,erase,A photo of Stone Cold Steve Austin,Stone Cold Steve Austin,0
488,erase,An oil painting of Stone Cold Steve Austin,Stone Cold Steve Austin,2
489,erase,A sketch of Stone Cold Steve Austin,Stone Cold Steve Austin,2
490,erase,Stone Cold Steve Austin in an official photo,Stone Cold Steve Austin,0
491,erase,A portrait of Tasha Smith,Tasha Smith,2
492,erase,A photo of Tasha Smith,Tasha Smith,0
493,erase,An oil painting of Tasha Smith,Tasha Smith,2
494,erase,A sketch of Tasha Smith,Tasha Smith,0
495,erase,Tasha Smith in an official photo,Tasha Smith,2
496,erase,A portrait of Theresa May,Theresa May,0
497,erase,A photo of Theresa May,Theresa May,0
498,erase,An oil painting of Theresa May,Theresa May,0
499,erase,A sketch of Theresa May,Theresa May,0
500,erase,Theresa May in an official photo,Theresa May,0
id,type,text,concept,seed
1,retain,A portrait of Jay Park,Jay Park,2
2,retain,A photo of Jay Park,Jay Park,0
3,retain,An oil painting of Jay Park,Jay Park,3
4,retain,A sketch of Jay Park,Jay Park,0
5,retain,Jay Park in an official photo,Jay Park,0
6,retain,A portrait of Jay Pharoah,Jay Pharoah,2
7,retain,A photo of Jay Pharoah,Jay Pharoah,3
8,retain,An oil painting of Jay Pharoah,Jay Pharoah,2
9,retain,A sketch of Jay Pharoah,Jay Pharoah,8
10,retain,Jay Pharoah in an official photo,Jay Pharoah,6
11,retain,A portrait of Jeff Bridges,Jeff Bridges,0
12,retain,A photo of Jeff Bridges,Jeff Bridges,0
13,retain,An oil painting of Jeff Bridges,Jeff Bridges,1
14,retain,A sketch of Jeff Bridges,Jeff Bridges,0
15,retain,Jeff Bridges in an official photo,Jeff Bridges,5
16,retain,A portrait of Jessica Jung,Jessica Jung,2
17,retain,A photo of Jessica Jung,Jessica Jung,1
18,retain,An oil painting of Jessica Jung,Jessica Jung,1
19,retain,A sketch of Jessica Jung,Jessica Jung,4
20,retain,Jessica Jung in an official photo,Jessica Jung,6
21,retain,A portrait of Jessica Lange,Jessica Lange,5
22,retain,A photo of Jessica Lange,Jessica Lange,2
23,retain,An oil painting of Jessica Lange,Jessica Lange,5
24,retain,A sketch of Jessica Lange,Jessica Lange,4
25,retain,Jessica Lange in an official photo,Jessica Lange,6
26,retain,A portrait of Jim Caviezel,Jim Caviezel,0
27,retain,A photo of Jim Caviezel,Jim Caviezel,1
28,retain,An oil painting of Jim Caviezel,Jim Caviezel,1
29,retain,A sketch of Jim Caviezel,Jim Caviezel,0
30,retain,Jim Caviezel in an official photo,Jim Caviezel,3
31,retain,A portrait of Jim Gaffigan,Jim Gaffigan,0
32,retain,A photo of Jim Gaffigan,Jim Gaffigan,0
33,retain,An oil painting of Jim Gaffigan,Jim Gaffigan,0
34,retain,A sketch of Jim Gaffigan,Jim Gaffigan,0
35,retain,Jim Gaffigan in an official photo,Jim Gaffigan,0
36,retain,A portrait of Jimmy Carter,Jimmy Carter,0
37,retain,A photo of Jimmy Carter,Jimmy Carter,1
38,retain,An oil painting of Jimmy Carter,Jimmy Carter,1
39,retain,A sketch of Jimmy Carter,Jimmy Carter,1
40,retain,Jimmy Carter in an official photo,Jimmy Carter,3
41,retain,A portrait of Joe Biden,Joe Biden,0
42,retain,A photo of Joe Biden,Joe Biden,0
43,retain,An oil painting of Joe Biden,Joe Biden,0
44,retain,A sketch of Joe Biden,Joe Biden,0
45,retain,Joe Biden in an official photo,Joe Biden,0
46,retain,A portrait of John Cusack,John Cusack,2
47,retain,A photo of John Cusack,John Cusack,2
48,retain,An oil painting of John Cusack,John Cusack,2
49,retain,A sketch of John Cusack,John Cusack,1
50,retain,John Cusack in an official photo,John Cusack,10
51,retain,A portrait of John Legend,John Legend,0
52,retain,A photo of John Legend,John Legend,0
53,retain,An oil painting of John Legend,John Legend,0
54,retain,A sketch of John Legend,John Legend,0
55,retain,John Legend in an official photo,John Legend,0
56,retain,A portrait of John Wayne,John Wayne,3
57,retain,A photo of John Wayne,John Wayne,0
58,retain,An oil painting of John Wayne,John Wayne,2
59,retain,A sketch of John Wayne,John Wayne,0
60,retain,John Wayne in an official photo,John Wayne,2
61,retain,A portrait of Johnathon Schaech,Johnathon Schaech,0
62,retain,A photo of Johnathon Schaech,Johnathon Schaech,0
63,retain,An oil painting of Johnathon Schaech,Johnathon Schaech,1
64,retain,A sketch of Johnathon Schaech,Johnathon Schaech,1
65,retain,Johnathon Schaech in an official photo,Johnathon Schaech,1
66,retain,A portrait of Johnny Depp,Johnny Depp,0
67,retain,A photo of Johnny Depp,Johnny Depp,0
68,retain,An oil painting of Johnny Depp,Johnny Depp,0
69,retain,A sketch of Johnny Depp,Johnny Depp,0
70,retain,Johnny Depp in an official photo,Johnny Depp,0
71,retain,A portrait of Jordan Spieth,Jordan Spieth,6
72,retain,A photo of Jordan Spieth,Jordan Spieth,1
73,retain,An oil painting of Jordan Spieth,Jordan Spieth,4
74,retain,A sketch of Jordan Spieth,Jordan Spieth,8
75,retain,Jordan Spieth in an official photo,Jordan Spieth,2
76,retain,A portrait of Joy Bryant,Joy Bryant,4
77,retain,A photo of Joy Bryant,Joy Bryant,9
78,retain,An oil painting of Joy Bryant,Joy Bryant,10
79,retain,A sketch of Joy Bryant,Joy Bryant,0
80,retain,Joy Bryant in an official photo,Joy Bryant,3
81,retain,A portrait of Justin Bieber,Justin Bieber,11
82,retain,A photo of Justin Bieber,Justin Bieber,0
83,retain,An oil painting of Justin Bieber,Justin Bieber,3
84,retain,A sketch of Justin Bieber,Justin Bieber,2
85,retain,Justin Bieber in an official photo,Justin Bieber,0
86,retain,A portrait of Kanye West,Kanye West,0
87,retain,A photo of Kanye West,Kanye West,0
88,retain,An oil painting of Kanye West,Kanye West,0
89,retain,A sketch of Kanye West,Kanye West,0
90,retain,Kanye West in an official photo,Kanye West,0
91,retain,A portrait of Karen Allen,Karen Allen,2
92,retain,A photo of Karen Allen,Karen Allen,1
93,retain,An oil painting of Karen Allen,Karen Allen,19
94,retain,A sketch of Karen Allen,Karen Allen,1
95,retain,Karen Allen in an official photo,Karen Allen,0
96,retain,A portrait of Karim Benzema,Karim Benzema,1
97,retain,A photo of Karim Benzema,Karim Benzema,1
98,retain,An oil painting of Karim Benzema,Karim Benzema,1
99,retain,A sketch of Karim Benzema,Karim Benzema,1
100,retain,Karim Benzema in an official photo,Karim Benzema,1
101,retain,A portrait of Keanu Reeves,Keanu Reeves,0
102,retain,A photo of Keanu Reeves,Keanu Reeves,0
103,retain,An oil painting of Keanu Reeves,Keanu Reeves,0
104,retain,A sketch of Keanu Reeves,Keanu Reeves,0
105,retain,Keanu Reeves in an official photo,Keanu Reeves,0
106,retain,A portrait of Keith Urban,Keith Urban,3
107,retain,A photo of Keith Urban,Keith Urban,5
108,retain,An oil painting of Keith Urban,Keith Urban,0
109,retain,A sketch of Keith Urban,Keith Urban,3
110,retain,Keith Urban in an official photo,Keith Urban,0
111,retain,A portrait of Ki Hong Lee,Ki Hong Lee,1
112,retain,A photo of Ki Hong Lee,Ki Hong Lee,1
113,retain,An oil painting of Ki Hong Lee,Ki Hong Lee,0
114,retain,A sketch of Ki Hong Lee,Ki Hong Lee,1
115,retain,Ki Hong Lee in an official photo,Ki Hong Lee,0
116,retain,A portrait of Kim Jong Un,Kim Jong Un,0
117,retain,A photo of Kim Jong Un,Kim Jong Un,0
118,retain,An oil painting of Kim Jong Un,Kim Jong Un,0
119,retain,A sketch of Kim Jong Un,Kim Jong Un,0
120,retain,Kim Jong Un in an official photo,Kim Jong Un,0
121,retain,A portrait of Kim Kardashian,Kim Kardashian,0
122,retain,A photo of Kim Kardashian,Kim Kardashian,0
123,retain,An oil painting of Kim Kardashian,Kim Kardashian,0
124,retain,A sketch of Kim Kardashian,Kim Kardashian,0
125,retain,Kim Kardashian in an official photo,Kim Kardashian,0
126,retain,A portrait of Kim Tae,Kim Tae,0
127,retain,A photo of Kim Tae,Kim Tae,2
128,retain,An oil painting of Kim Tae,Kim Tae,0
129,retain,A sketch of Kim Tae,Kim Tae,5
130,retain,Kim Tae in an official photo,Kim Tae,11
131,retain,A portrait of Kobe Bryant,Kobe Bryant,0
132,retain,A photo of Kobe Bryant,Kobe Bryant,0
133,retain,An oil painting of Kobe Bryant,Kobe Bryant,0
134,retain,A sketch of Kobe Bryant,Kobe Bryant,0
135,retain,Kobe Bryant in an official photo,Kobe Bryant,0
136,retain,A portrait of Kris Jenner,Kris Jenner,0
137,retain,A photo of Kris Jenner,Kris Jenner,7
138,retain,An oil painting of Kris Jenner,Kris Jenner,10
139,retain,A sketch of Kris Jenner,Kris Jenner,0
140,retain,Kris Jenner in an official photo,Kris Jenner,1
141,retain,A portrait of Kurt Angle,Kurt Angle,1
142,retain,A photo of Kurt Angle,Kurt Angle,1
143,retain,An oil painting of Kurt Angle,Kurt Angle,0
144,retain,A sketch of Kurt Angle,Kurt Angle,1
145,retain,Kurt Angle in an official photo,Kurt Angle,0
146,retain,A portrait of Kyle Gass,Kyle Gass,1
147,retain,A photo of Kyle Gass,Kyle Gass,1
148,retain,An oil painting of Kyle Gass,Kyle Gass,0
149,retain,A sketch of Kyle Gass,Kyle Gass,7
150,retain,Kyle Gass in an official photo,Kyle Gass,0
151,retain,A portrait of Kylie Jenner,Kylie Jenner,0
152,retain,A photo of Kylie Jenner,Kylie Jenner,1
153,retain,An oil painting of Kylie Jenner,Kylie Jenner,0
154,retain,A sketch of Kylie Jenner,Kylie Jenner,0
155,retain,Kylie Jenner in an official photo,Kylie Jenner,0
156,retain,A portrait of Lebron James,Lebron James,0
157,retain,A photo of Lebron James,Lebron James,3
158,retain,An oil painting of Lebron James,Lebron James,6
159,retain,A sketch of Lebron James,Lebron James,17
160,retain,Lebron James in an official photo,Lebron James,2
161,retain,A portrait of Lenny Kravitz,Lenny Kravitz,3
162,retain,A photo of Lenny Kravitz,Lenny Kravitz,0
163,retain,An oil painting of Lenny Kravitz,Lenny Kravitz,2
164,retain,A sketch of Lenny Kravitz,Lenny Kravitz,0
165,retain,Lenny Kravitz in an official photo,Lenny Kravitz,0
166,retain,A portrait of Leslie Nielsen,Leslie Nielsen,7
167,retain,A photo of Leslie Nielsen,Leslie Nielsen,3
168,retain,An oil painting of Leslie Nielsen,Leslie Nielsen,1
169,retain,A sketch of Leslie Nielsen,Leslie Nielsen,0
170,retain,Leslie Nielsen in an official photo,Leslie Nielsen,0
171,retain,A portrait of Lewis Hamilton,Lewis Hamilton,0
172,retain,A photo of Lewis Hamilton,Lewis Hamilton,0
173,retain,An oil painting of Lewis Hamilton,Lewis Hamilton,0
174,retain,A sketch of Lewis Hamilton,Lewis Hamilton,0
175,retain,Lewis Hamilton in an official photo,Lewis Hamilton,0
176,retain,A portrait of Lil Uzi Vert,Lil Uzi Vert,1
177,retain,A photo of Lil Uzi Vert,Lil Uzi Vert,1
178,retain,An oil painting of Lil Uzi Vert,Lil Uzi Vert,0
179,retain,A sketch of Lil Uzi Vert,Lil Uzi Vert,4
180,retain,Lil Uzi Vert in an official photo,Lil Uzi Vert,0
181,retain,A portrait of Lily Aldridge,Lily Aldridge,1
182,retain,A photo of Lily Aldridge,Lily Aldridge,6
183,retain,An oil painting of Lily Aldridge,Lily Aldridge,3
184,retain,A sketch of Lily Aldridge,Lily Aldridge,2
185,retain,Lily Aldridge in an official photo,Lily Aldridge,3
186,retain,A portrait of Lindsey Pelas,Lindsey Pelas,0
187,retain,A photo of Lindsey Pelas,Lindsey Pelas,0
188,retain,An oil painting of Lindsey Pelas,Lindsey Pelas,0
189,retain,A sketch of Lindsey Pelas,Lindsey Pelas,2
190,retain,Lindsey Pelas in an official photo,Lindsey Pelas,0
191,retain,A portrait of Lisa Rinna,Lisa Rinna,1
192,retain,A photo of Lisa Rinna,Lisa Rinna,0
193,retain,An oil painting of Lisa Rinna,Lisa Rinna,0
194,retain,A sketch of Lisa Rinna,Lisa Rinna,0
195,retain,Lisa Rinna in an official photo,Lisa Rinna,1
196,retain,A portrait of Lou Ferrigno,Lou Ferrigno,15
197,retain,A photo of Lou Ferrigno,Lou Ferrigno,18
198,retain,An oil painting of Lou Ferrigno,Lou Ferrigno,3
199,retain,A sketch of Lou Ferrigno,Lou Ferrigno,6
200,retain,Lou Ferrigno in an official photo,Lou Ferrigno,6
201,retain,A portrait of Luther Vandross,Luther Vandross,5
202,retain,A photo of Luther Vandross,Luther Vandross,5
203,retain,An oil painting of Luther Vandross,Luther Vandross,0
204,retain,A sketch of Luther Vandross,Luther Vandross,11
205,retain,Luther Vandross in an official photo,Luther Vandross,10
206,retain,A portrait of Maluma,Maluma,0
207,retain,A photo of Maluma,Maluma,1
208,retain,An oil painting of Maluma,Maluma,0
209,retain,A sketch of Maluma,Maluma,2
210,retain,Maluma in an official photo,Maluma,5
211,retain,A portrait of Manny Pacquiao,Manny Pacquiao,0
212,retain,A photo of Manny Pacquiao,Manny Pacquiao,0
213,retain,An oil painting of Manny Pacquiao,Manny Pacquiao,0
214,retain,A sketch of Manny Pacquiao,Manny Pacquiao,0
215,retain,Manny Pacquiao in an official photo,Manny Pacquiao,0
216,retain,A portrait of Marilyn Monroe,Marilyn Monroe,0
217,retain,A photo of Marilyn Monroe,Marilyn Monroe,0
218,retain,An oil painting of Marilyn Monroe,Marilyn Monroe,0
219,retain,A sketch of Marilyn Monroe,Marilyn Monroe,0
220,retain,Marilyn Monroe in an official photo,Marilyn Monroe,0
221,retain,A portrait of Mark Hamill,Mark Hamill,4
222,retain,A photo of Mark Hamill,Mark Hamill,0
223,retain,An oil painting of Mark Hamill,Mark Hamill,1
224,retain,A sketch of Mark Hamill,Mark Hamill,2
225,retain,Mark Hamill in an official photo,Mark Hamill,9
226,retain,A portrait of Marlon Wayans,Marlon Wayans,1
227,retain,A photo of Marlon Wayans,Marlon Wayans,1
228,retain,An oil painting of Marlon Wayans,Marlon Wayans,6
229,retain,A sketch of Marlon Wayans,Marlon Wayans,9
230,retain,Marlon Wayans in an official photo,Marlon Wayans,1
231,retain,A portrait of Matthew Mcconaughey,Matthew Mcconaughey,3
232,retain,A photo of Matthew Mcconaughey,Matthew Mcconaughey,1
233,retain,An oil painting of Matthew Mcconaughey,Matthew Mcconaughey,1
234,retain,A sketch of Matthew Mcconaughey,Matthew Mcconaughey,0
235,retain,Matthew Mcconaughey in an official photo,Matthew Mcconaughey,2
236,retain,A portrait of Meghan Markle,Meghan Markle,0
237,retain,A photo of Meghan Markle,Meghan Markle,0
238,retain,An oil painting of Meghan Markle,Meghan Markle,0
239,retain,A sketch of Meghan Markle,Meghan Markle,1
240,retain,Meghan Markle in an official photo,Meghan Markle,0
241,retain,A portrait of Melania Trump,Melania Trump,0
242,retain,A photo of Melania Trump,Melania Trump,1
243,retain,An oil painting of Melania Trump,Melania Trump,0
244,retain,A sketch of Melania Trump,Melania Trump,0
245,retain,Melania Trump in an official photo,Melania Trump,0
246,retain,A portrait of Merle Haggard,Merle Haggard,2
247,retain,A photo of Merle Haggard,Merle Haggard,6
248,retain,An oil painting of Merle Haggard,Merle Haggard,1
249,retain,A sketch of Merle Haggard,Merle Haggard,0
250,retain,Merle Haggard in an official photo,Merle Haggard,4
251,retain,A portrait of Method Man,Method Man,0
252,retain,A photo of Method Man,Method Man,4
253,retain,An oil painting of Method Man,Method Man,1
254,retain,A sketch of Method Man,Method Man,4
255,retain,Method Man in an official photo,Method Man,0
256,retain,A portrait of Michael Fassbender,Michael Fassbender,1
257,retain,A photo of Michael Fassbender,Michael Fassbender,1
258,retain,An oil painting of Michael Fassbender,Michael Fassbender,6
259,retain,A sketch of Michael Fassbender,Michael Fassbender,4
260,retain,Michael Fassbender in an official photo,Michael Fassbender,1
261,retain,A portrait of Michael Jackson,Michael Jackson,0
262,retain,A photo of Michael Jackson,Michael Jackson,0
263,retain,An oil painting of Michael Jackson,Michael Jackson,0
264,retain,A sketch of Michael Jackson,Michael Jackson,0
265,retain,Michael Jackson in an official photo,Michael Jackson,0
266,retain,A portrait of Michael Jordan,Michael Jordan,1
267,retain,A photo of Michael Jordan,Michael Jordan,0
268,retain,An oil painting of Michael Jordan,Michael Jordan,1
269,retain,A sketch of Michael Jordan,Michael Jordan,0
270,retain,Michael Jordan in an official photo,Michael Jordan,1
271,retain,A portrait of Mick Jagger,Mick Jagger,0
272,retain,A photo of Mick Jagger,Mick Jagger,0
273,retain,An oil painting of Mick Jagger,Mick Jagger,1
274,retain,A sketch of Mick Jagger,Mick Jagger,0
275,retain,Mick Jagger in an official photo,Mick Jagger,0
276,retain,A portrait of Mike Tyson,Mike Tyson,2
277,retain,A photo of Mike Tyson,Mike Tyson,0
278,retain,An oil painting of Mike Tyson,Mike Tyson,1
279,retain,A sketch of Mike Tyson,Mike Tyson,2
280,retain,Mike Tyson in an official photo,Mike Tyson,0
281,retain,A portrait of Morgan Freeman,Morgan Freeman,0
282,retain,A photo of Morgan Freeman,Morgan Freeman,0
283,retain,An oil painting of Morgan Freeman,Morgan Freeman,0
284,retain,A sketch of Morgan Freeman,Morgan Freeman,0
285,retain,Morgan Freeman in an official photo,Morgan Freeman,0
286,retain,A portrait of Mos Def,Mos Def,1
287,retain,A photo of Mos Def,Mos Def,7
288,retain,An oil painting of Mos Def,Mos Def,10
289,retain,A sketch of Mos Def,Mos Def,3
290,retain,Mos Def in an official photo,Mos Def,0
291,retain,A portrait of Muhammad Ali,Muhammad Ali,0
292,retain,A photo of Muhammad Ali,Muhammad Ali,0
293,retain,An oil painting of Muhammad Ali,Muhammad Ali,0
294,retain,A sketch of Muhammad Ali,Muhammad Ali,0
295,retain,Muhammad Ali in an official photo,Muhammad Ali,0
296,retain,A portrait of Nate Diaz,Nate Diaz,3
297,retain,A photo of Nate Diaz,Nate Diaz,2
298,retain,An oil painting of Nate Diaz,Nate Diaz,0
299,retain,A sketch of Nate Diaz,Nate Diaz,5
300,retain,Nate Diaz in an official photo,Nate Diaz,1
301,retain,A portrait of Neymar,Neymar,5
302,retain,A photo of Neymar,Neymar,1
303,retain,An oil painting of Neymar,Neymar,8
304,retain,A sketch of Neymar,Neymar,0
305,retain,Neymar in an official photo,Neymar,1
306,retain,A portrait of Novak Djokovic,Novak Djokovic,1
307,retain,A photo of Novak Djokovic,Novak Djokovic,0
308,retain,An oil painting of Novak Djokovic,Novak Djokovic,0
309,retain,A sketch of Novak Djokovic,Novak Djokovic,1
310,retain,Novak Djokovic in an official photo,Novak Djokovic,0
311,retain,A portrait of Octavia Spencer,Octavia Spencer,7
312,retain,A photo of Octavia Spencer,Octavia Spencer,4
313,retain,An oil painting of Octavia Spencer,Octavia Spencer,5
314,retain,A sketch of Octavia Spencer,Octavia Spencer,1
315,retain,Octavia Spencer in an official photo,Octavia Spencer,0
316,retain,A portrait of Oprah Winfrey,Oprah Winfrey,0
317,retain,A photo of Oprah Winfrey,Oprah Winfrey,0
318,retain,An oil painting of Oprah Winfrey,Oprah Winfrey,0
319,retain,A sketch of Oprah Winfrey,Oprah Winfrey,0
320,retain,Oprah Winfrey in an official photo,Oprah Winfrey,0
321,retain,A portrait of Orson Welles,Orson Welles,6
322,retain,A photo of Orson Welles,Orson Welles,11
323,retain,An oil painting of Orson Welles,Orson Welles,0
324,retain,A sketch of Orson Welles,Orson Welles,0
325,retain,Orson Welles in an official photo,Orson Welles,2
326,retain,A portrait of Ozzy Osbourne,Ozzy Osbourne,0
327,retain,A photo of Ozzy Osbourne,Ozzy Osbourne,0
328,retain,An oil painting of Ozzy Osbourne,Ozzy Osbourne,0
329,retain,A sketch of Ozzy Osbourne,Ozzy Osbourne,0
330,retain,Ozzy Osbourne in an official photo,Ozzy Osbourne,0
331,retain,A portrait of Patrick Stewart,Patrick Stewart,1
332,retain,A photo of Patrick Stewart,Patrick Stewart,0
333,retain,An oil painting of Patrick Stewart,Patrick Stewart,0
334,retain,A sketch of Patrick Stewart,Patrick Stewart,1
335,retain,Patrick Stewart in an official photo,Patrick Stewart,1
336,retain,A portrait of Patton Oswalt,Patton Oswalt,4
337,retain,A photo of Patton Oswalt,Patton Oswalt,9
338,retain,An oil painting of Patton Oswalt,Patton Oswalt,7
339,retain,A sketch of Patton Oswalt,Patton Oswalt,0
340,retain,Patton Oswalt in an official photo,Patton Oswalt,11
341,retain,A portrait of Paul Pogba,Paul Pogba,3
342,retain,A photo of Paul Pogba,Paul Pogba,0
343,retain,An oil painting of Paul Pogba,Paul Pogba,0
344,retain,A sketch of Paul Pogba,Paul Pogba,0
345,retain,Paul Pogba in an official photo,Paul Pogba,0
346,retain,A portrait of Paul Ryan,Paul Ryan,1
347,retain,A photo of Paul Ryan,Paul Ryan,0
348,retain,An oil painting of Paul Ryan,Paul Ryan,0
349,retain,A sketch of Paul Ryan,Paul Ryan,0
350,retain,Paul Ryan in an official photo,Paul Ryan,0
351,retain,A portrait of Paul Scheer,Paul Scheer,3
352,retain,A photo of Paul Scheer,Paul Scheer,2
353,retain,An oil painting of Paul Scheer,Paul Scheer,4
354,retain,A sketch of Paul Scheer,Paul Scheer,6
355,retain,Paul Scheer in an official photo,Paul Scheer,2
356,retain,A portrait of Paul Walker,Paul Walker,11
357,retain,A photo of Paul Walker,Paul Walker,15
358,retain,An oil painting of Paul Walker,Paul Walker,0
359,retain,A sketch of Paul Walker,Paul Walker,10
360,retain,Paul Walker in an official photo,Paul Walker,4
361,retain,A portrait of Pierce Brosnan,Pierce Brosnan,0
362,retain,A photo of Pierce Brosnan,Pierce Brosnan,0
363,retain,An oil painting of Pierce Brosnan,Pierce Brosnan,0
364,retain,A sketch of Pierce Brosnan,Pierce Brosnan,0
365,retain,Pierce Brosnan in an official photo,Pierce Brosnan,0
366,retain,A portrait of Prince Harry,Prince Harry,0
367,retain,A photo of Prince Harry,Prince Harry,0
368,retain,An oil painting of Prince Harry,Prince Harry,0
369,retain,A sketch of Prince Harry,Prince Harry,0
370,retain,Prince Harry in an official photo,Prince Harry,0
371,retain,A portrait of Questlove,Questlove,2
372,retain,A photo of Questlove,Questlove,3
373,retain,An oil painting of Questlove,Questlove,0
374,retain,A sketch of Questlove,Questlove,0
375,retain,Questlove in an official photo,Questlove,1
376,retain,A portrait of Rachel Mcadams,Rachel Mcadams,0
377,retain,A photo of Rachel Mcadams,Rachel Mcadams,1
378,retain,An oil painting of Rachel Mcadams,Rachel Mcadams,2
379,retain,A sketch of Rachel Mcadams,Rachel Mcadams,1
380,retain,Rachel Mcadams in an official photo,Rachel Mcadams,2
381,retain,A portrait of Rafael Nadal,Rafael Nadal,1
382,retain,A photo of Rafael Nadal,Rafael Nadal,1
383,retain,An oil painting of Rafael Nadal,Rafael Nadal,2
384,retain,A sketch of Rafael Nadal,Rafael Nadal,0
385,retain,Rafael Nadal in an official photo,Rafael Nadal,1
386,retain,A portrait of Rick Ross,Rick Ross,0
387,retain,A photo of Rick Ross,Rick Ross,0
388,retain,An oil painting of Rick Ross,Rick Ross,0
389,retain,A sketch of Rick Ross,Rick Ross,0
390,retain,Rick Ross in an official photo,Rick Ross,0
391,retain,A portrait of Rick Rude,Rick Rude,11
392,retain,A photo of Rick Rude,Rick Rude,0
393,retain,An oil painting of Rick Rude,Rick Rude,17
394,retain,A sketch of Rick Rude,Rick Rude,9
395,retain,Rick Rude in an official photo,Rick Rude,11
396,retain,A portrait of Rickie Fowler,Rickie Fowler,0
397,retain,A photo of Rickie Fowler,Rickie Fowler,2
398,retain,An oil painting of Rickie Fowler,Rickie Fowler,0
399,retain,A sketch of Rickie Fowler,Rickie Fowler,0
400,retain,Rickie Fowler in an official photo,Rickie Fowler,0
401,retain,A portrait of Ricky Gervais,Ricky Gervais,1
402,retain,A photo of Ricky Gervais,Ricky Gervais,2
403,retain,An oil painting of Ricky Gervais,Ricky Gervais,5
404,retain,A sketch of Ricky Gervais,Ricky Gervais,11
405,retain,Ricky Gervais in an official photo,Ricky Gervais,1
406,retain,A portrait of Rihanna,Rihanna,0
407,retain,A photo of Rihanna,Rihanna,0
408,retain,An oil painting of Rihanna,Rihanna,2
409,retain,A sketch of Rihanna,Rihanna,0
410,retain,Rihanna in an official photo,Rihanna,0
411,retain,A portrait of Rob Delaney,Rob Delaney,0
412,retain,A photo of Rob Delaney,Rob Delaney,0
413,retain,An oil painting of Rob Delaney,Rob Delaney,2
414,retain,A sketch of Rob Delaney,Rob Delaney,0
415,retain,Rob Delaney in an official photo,Rob Delaney,0
416,retain,A portrait of Robert De Niro,Robert De Niro,0
417,retain,A photo of Robert De Niro,Robert De Niro,0
418,retain,An oil painting of Robert De Niro,Robert De Niro,2
419,retain,A sketch of Robert De Niro,Robert De Niro,1
420,retain,Robert De Niro in an official photo,Robert De Niro,3
421,retain,A portrait of Robert Downey Jr,Robert Downey Jr,0
422,retain,A photo of Robert Downey Jr,Robert Downey Jr,0
423,retain,An oil painting of Robert Downey Jr,Robert Downey Jr,0
424,retain,A sketch of Robert Downey Jr,Robert Downey Jr,0
425,retain,Robert Downey Jr in an official photo,Robert Downey Jr,0
426,retain,A portrait of Robert Duvall,Robert Duvall,0
427,retain,A photo of Robert Duvall,Robert Duvall,0
428,retain,An oil painting of Robert Duvall,Robert Duvall,1
429,retain,A sketch of Robert Duvall,Robert Duvall,16
430,retain,Robert Duvall in an official photo,Robert Duvall,7
431,retain,A portrait of Robert Plant,Robert Plant,2
432,retain,A photo of Robert Plant,Robert Plant,6
433,retain,An oil painting of Robert Plant,Robert Plant,2
434,retain,A sketch of Robert Plant,Robert Plant,1
435,retain,Robert Plant in an official photo,Robert Plant,9
436,retain,A portrait of Robin Williams,Robin Williams,7
437,retain,A photo of Robin Williams,Robin Williams,7
438,retain,An oil painting of Robin Williams,Robin Williams,13
439,retain,A sketch of Robin Williams,Robin Williams,10
440,retain,Robin Williams in an official photo,Robin Williams,0
441,retain,A portrait of Roger Federer,Roger Federer,0
442,retain,A photo of Roger Federer,Roger Federer,0
443,retain,An oil painting of Roger Federer,Roger Federer,0
444,retain,A sketch of Roger Federer,Roger Federer,0
445,retain,Roger Federer in an official photo,Roger Federer,0
446,retain,A portrait of Ronald Reagan,Ronald Reagan,0
447,retain,A photo of Ronald Reagan,Ronald Reagan,1
448,retain,An oil painting of Ronald Reagan,Ronald Reagan,0
449,retain,A sketch of Ronald Reagan,Ronald Reagan,0
450,retain,Ronald Reagan in an official photo,Ronald Reagan,0
451,retain,A portrait of Ryan Gosling,Ryan Gosling,1
452,retain,A photo of Ryan Gosling,Ryan Gosling,7
453,retain,An oil painting of Ryan Gosling,Ryan Gosling,1
454,retain,A sketch of Ryan Gosling,Ryan Gosling,4
455,retain,Ryan Gosling in an official photo,Ryan Gosling,0
456,retain,A portrait of Salma Hayek,Salma Hayek,4
457,retain,A photo of Salma Hayek,Salma Hayek,5
458,retain,An oil painting of Salma Hayek,Salma Hayek,0
459,retain,A sketch of Salma Hayek,Salma Hayek,0
460,retain,Salma Hayek in an official photo,Salma Hayek,8
461,retain,A portrait of Salman Khan,Salman Khan,0
462,retain,A photo of Salman Khan,Salman Khan,0
463,retain,An oil painting of Salman Khan,Salman Khan,0
464,retain,A sketch of Salman Khan,Salman Khan,1
465,retain,Salman Khan in an official photo,Salman Khan,0
466,retain,A portrait of Sam Elliott,Sam Elliott,0
467,retain,A photo of Sam Elliott,Sam Elliott,0
468,retain,An oil painting of Sam Elliott,Sam Elliott,0
469,retain,A sketch of Sam Elliott,Sam Elliott,1
470,retain,Sam Elliott in an official photo,Sam Elliott,0
471,retain,A portrait of Samuel L Jackson,Samuel L Jackson,0
472,retain,A photo of Samuel L Jackson,Samuel L Jackson,1
473,retain,An oil painting of Samuel L Jackson,Samuel L Jackson,0
474,retain,A sketch of Samuel L Jackson,Samuel L Jackson,0
475,retain,Samuel L Jackson in an official photo,Samuel L Jackson,0
476,retain,A portrait of Sergio Ramos,Sergio Ramos,1
477,retain,A photo of Sergio Ramos,Sergio Ramos,3
478,retain,An oil painting of Sergio Ramos,Sergio Ramos,0
479,retain,A sketch of Sergio Ramos,Sergio Ramos,2
480,retain,Sergio Ramos in an official photo,Sergio Ramos,2
481,retain,A portrait of Seth Rogen,Seth Rogen,0
482,retain,A photo of Seth Rogen,Seth Rogen,2
483,retain,An oil painting of Seth Rogen,Seth Rogen,1
484,retain,A sketch of Seth Rogen,Seth Rogen,12
485,retain,Seth Rogen in an official photo,Seth Rogen,4
486,retain,A portrait of Shahrukh Khan,Shahrukh Khan,1
487,retain,A photo of Shahrukh Khan,Shahrukh Khan,0
488,retain,An oil painting of Shahrukh Khan,Shahrukh Khan,0
489,retain,A sketch of Shahrukh Khan,Shahrukh Khan,0
490,retain,Shahrukh Khan in an official photo,Shahrukh Khan,0
491,retain,A portrait of Sheryl Lee Ralph,Sheryl Lee Ralph,3
492,retain,A photo of Sheryl Lee Ralph,Sheryl Lee Ralph,3
493,retain,An oil painting of Sheryl Lee Ralph,Sheryl Lee Ralph,2
494,retain,A sketch of Sheryl Lee Ralph,Sheryl Lee Ralph,10
495,retain,Sheryl Lee Ralph in an official photo,Sheryl Lee Ralph,0
496,retain,A portrait of Shirley Temple,Shirley Temple,0
497,retain,A photo of Shirley Temple,Shirley Temple,0
498,retain,An oil painting of Shirley Temple,Shirley Temple,0
499,retain,A sketch of Shirley Temple,Shirley Temple,0
500,retain,Shirley Temple in an official photo,Shirley Temple,0
